Designator,Comment,Footprint,JLCPCB Part #
"C1, C2, C3, C4",100nF,Capacitor_SMD:C_0603_1608Metric,
"C5, C6, C7, C8",1pF,Capacitor_SMD:C_0603_1608Metric,
"D1, D2, D3, D4",LED,LED_SMD:LED_0603_1608Metric,
J1,Conn_01x06_Female,Connector_PinHeader_2.54mm:PinHeader_1x06_P2.54mm_Vertical,C2833331
"R1, R2, R3, R4, R5, R6, R7, R8",1K,Resistor_SMD:R_0603_1608Metric,
"SW1,SW2,SW3,SW4",Tactile Switch,dome_buttons:EVQPLDA15,C424352
"SW5,SW6,SW7",Tactile Switch,dome_buttons:GT-TC170B-H0078-L10,C2896623
"SW9,SW10,SW11,SW12",Tactile Switch,dome_buttons:TS5208A,C557590
"U1,U2,U3,U4",RH6015-C,RH6015-C,C78180
